line,experiment,replicate,passage,percentPB2.627K
7,3,3,0,21.62789949
7,3,3,1,79.28061219
7,3,3,2,94.51897906
7,3,3,3,98.466085
7,3,3,4,99.31659486
7,3,4,0,21.94983971
7,3,4,1,97.56318598
7,3,4,2,99.4175063
7,3,4,3,99.22346851